{"files":{"index.html":{"frameworks":["utiliko updated","pg.bs5.lib","pg.insight.events","pg.css.grid","pg.image.overlay","pg.code-validator","pg.project.items","pg.asset.manager","bs5","pg.html","pg.components"],"last_page_width":1440}},"active-design-provider":"bs5","urls":{"index.html":{"open-page-views":[{"w":1440,"h":0}]}},"file-picker-copy-folder":"C:\\Users\\sachi\\OneDrive\\Desktop\\utiliko updated\\assets\\images","breakpoints":["500px","576px","768px","992px","1200px","1400px"],"frameworks":["utiliko updated","pg.bs5.lib","pg.insight.events","pg.css.grid","pg.image.overlay","pg.code-validator","pg.project.items","pg.asset.manager","bs5","pg.html","pg.components"]}