{"FGbF7Yucm/E1+qij+KSA/g==":"mbr.png","AJKzkZo++5OqS0PyV0j6HA==":"utiliko-smart-rainwater-management.jpg","09sE9fCvwuGj+OCQtuIYHA==":"water-distribution-system.jpg","cWgHargRN6H/OXr7Fl0xSw==":"utiliko-systems-rainwater-gutters.jpg","CHHW8XEyDpoA5WK4e8g+JQ==":"utiliko-systems-rainwater-gutters.jpeg","I4YRqgUlJjh0sjQ5CqvUeA==":"utiliko-systems-rainwater-gutters-1.jpeg","XgqLH4RhBYx2Thwd/VUUKw==":"utiliko-systems-rainwater-gutters-2.jpeg","PR5DzftWd1WqMQlxMGO7mw==":"utiliko-systems-rainwater-gutters-3.jpeg","J4tJQ+YvrS+Vsls0hZrKcw==":"hdpe-rainwater-filter.jpg","cR9RHj/fE5MoNE3QjPLKxQ==":"utiliko-systems-solar-power-generation-plant-5.jpg","SWWmpkgFaPN6YakTKwDZsQ==":"hdpe-rainwater-filter.jpeg","pBLSixo2G33IT+k2kTXOyQ==":"hdpe-rainwater-filter-1.jpeg","VpL9sHOshylGx1ruk5DKpg==":"holding-clamp-3-2-copy.jpeg","CRNzDoihSwmHSj7zEnAIlg==":"loop-piping-distribution.jpg","XzR4wzIDgE96OU4cO2RT7w==":"ss-304-filter.jpg","5tZ1cNkn/18U8/H76WbdRA==":"mbr-1.png","ygmmXEo7kE3+hOY7H/BSYA==":"utiliko-systems-fully-automatic-solar-panel-cleaning-robot-2.jpg"}